{
  "Total" : {
    "transaction" : "Total",
    "sampleCount" : 8770,
    "errorCount" : 0,
    "errorPct" : 0.0,
    "meanResTime" : 1348.3908779931612,
    "medianResTime" : 1330.0,
    "minResTime" : 110.0,
    "maxResTime" : 1731.0,
    "pct1ResTime" : 1491.0,
    "pct2ResTime" : 1656.0,
    "pct3ResTime" : 1704.0,
    "throughput" : 143.87426996522083,
    "receivedKBytesPerSec" : 165.5116113467091,
    "sentKBytesPerSec" : 60.415953208051704
  },
  "Get Task - Escenario 1" : {
    "transaction" : "Get Task - Escenario 1",
    "sampleCount" : 8770,
    "errorCount" : 0,
    "errorPct" : 0.0,
    "meanResTime" : 1348.3908779931612,
    "medianResTime" : 1330.0,
    "minResTime" : 110.0,
    "maxResTime" : 1731.0,
    "pct1ResTime" : 1491.0,
    "pct2ResTime" : 1656.0,
    "pct3ResTime" : 1704.0,
    "throughput" : 143.87426996522083,
    "receivedKBytesPerSec" : 165.5116113467091,
    "sentKBytesPerSec" : 60.415953208051704
  }
}