{
  "Total" : {
    "transaction" : "Total",
    "sampleCount" : 270702,
    "errorCount" : 0,
    "errorPct" : 0.0,
    "meanResTime" : 442.96911733196714,
    "medianResTime" : 41.0,
    "minResTime" : 5.0,
    "maxResTime" : 2010.0,
    "pct1ResTime" : 1068.0,
    "pct2ResTime" : 1202.0,
    "pct3ResTime" : 1412.0,
    "throughput" : 450.92124178161714,
    "receivedKBytesPerSec" : 221.05709313903495,
    "sentKBytesPerSec" : 180.98499059789515
  },
  "Get Task - Escenario 1" : {
    "transaction" : "Get Task - Escenario 1",
    "sampleCount" : 270702,
    "errorCount" : 0,
    "errorPct" : 0.0,
    "meanResTime" : 442.96911733196714,
    "medianResTime" : 41.0,
    "minResTime" : 5.0,
    "maxResTime" : 2010.0,
    "pct1ResTime" : 1068.0,
    "pct2ResTime" : 1202.0,
    "pct3ResTime" : 1412.0,
    "throughput" : 450.92124178161714,
    "receivedKBytesPerSec" : 221.05709313903495,
    "sentKBytesPerSec" : 180.98499059789515
  }
}